{"cameraMode":{"drawMode":0,"name":"Shaded","section":"Shading Mode"},"sceneLighting":true,"audioPlay":false,"sceneViewState":{"m_AlwaysRefresh":false,"showFog":true,"showSkybox":true,"showFlares":true,"showImageEffects":true,"showParticleSystems":true,"showVisualEffectGraphs":true,"m_FxEnabled":true},"in2DMode":false,"pivot":{"x":419.8109130859375,"y":200.88414001464845,"z":-324.43365478515627},"rotation":{"x":-0.01650300808250904,"y":-0.026395943015813829,"z":0.0004355164128355682,"w":-0.9995181560516357},"size":11.925186157226563,"orthographic":false}